"duration","E","O"
0,13050.673076923,158
1,7622.74358974359,21
1.5,21670.7243589744,8
