"duration","E","O"
0,13050.673076923,60
1,9802.17948717948,9
2,7022.58333333333,12
3,12468.7051282052,8
