"duration","E","O"
0,12568.3974358976,23
0.25,8299.43589743603,10
0.5,39652.0384615389,10
