"duration","age","E","O"
0,18,47256.5961538457,28
0.5,18,34535.3076923073,15
1,18,26467.7948717947,11
1.5,18,110328.519230769,31
